0,Otávio Silva,7.01,2.52
1,Gabriel Oliveira,8.44,3.65
2,Kaio Pereira,3.98,4.84
3,Renato Nascimento,0.8,1.12
4,Eduardo Souza,5.35,4.99
5,Tiago Silva,5.63,9.28
6,Bruno Gomes,5.85,5.39
7,Daniela Pereira,1.46,8.69
8,Marcos Gomes,8.95,4.95
9,Ana Rodrigues,6.69,8.18
10,Eduardo Lima,9.78,3.68
11,Daniela Silva,9.79,9.32
12,Kaio Souza,9.89,1.49
13,Carlos Gomes,9.58,3.46
14,Helena Rodrigues,9.16,1.83
15,Daniela Silva,4.16,7.1
16,Gabriel Souza,2.52,0.55
17,Daniela Costa,7.46,6.41
18,Daniela Gomes,2.1,2.17
19,Daniela Souza,3.36,7.51
20,Carlos Lima,0.96,8.38
21,Viviane Gomes,9.04,0.74
22,Carlos Pereira,8.53,4.68
23,Otávio Pereira,6.34,1.1
24,Carlos Rodrigues,0.28,5.66
25,Carlos Almeida,1.16,5.25
26,Helena Rodrigues,7.63,9.54
27,Juliana Rodrigues,6.69,9.15
28,Kaio Pereira,8.2,2.8
29,Paula Pereira,6.86,8.55
30,Viviane Oliveira,1.86,1.48
31,Tiago Silva,9.1,3.25
32,Juliana Nascimento,6.09,1.13
33,Viviane Lima,8.24,7.43
34,Natália Costa,8.37,8.74
35,Fernanda Almeida,9.21,1.46
36,Marcos Rodrigues,6.25,2.95
37,Gabriel Oliveira,2.05,5.11
38,Otávio Rodrigues,0.68,6.57
39,Eduardo Oliveira,3.14,2.3
40,Ana Nascimento,3.6,4.49
41,Helena Silva,4.04,4.96
42,Kaio Gomes,9.11,4.01
43,Sara Costa,0.26,9.12
44,Sara Pereira,7.86,1.75
45,Fernanda Rodrigues,8.44,4.44
46,Gabriel Souza,4.59,8.61
47,Paula Rodrigues,5.93,1.48
48,Gabriel Almeida,3.53,1.24
49,Viviane Nascimento,2.63,0.51
50,Renato Oliveira,1.17,6.26
51,Gabriel Souza,1.77,7.48
52,Sara Pereira,5.83,8.19
53,Gabriel Lima,0.8,2.31
54,Eduardo Pereira,1.5,2.73
55,Daniela Silva,0.95,3.36
56,Sara Almeida,7.38,2.32
57,Fernanda Oliveira,3.58,2.96
58,Eduardo Pereira,7.22,6.15
59,Helena Lima,7.47,2.93
60,Renato Nascimento,3.66,0.92
61,Sara Nascimento,6.78,7.67
62,Tiago Souza,9.21,7.8
63,Bruno Nascimento,4.9,5.5
64,Igor Gomes,4.27,6.88
65,Gabriel Costa,2.54,7.49
66,Paula Silva,0.02,6.16
67,Igor Gomes,6.6,4.32
68,Viviane Almeida,2.07,2.6
69,Tiago Souza,9.04,1.9
70,Paula Nascimento,2.97,4.38
71,Bruno Lima,1.44,4.07
72,Juliana Rodrigues,2.27,8.83
73,Carlos Pereira,5.09,3.83
74,Carlos Gomes,8.07,6.27
75,Igor Silva,6.8,8.53
76,Fernanda Pereira,1.67,2.55
77,Marcos Lima,7.55,0.55
78,Carlos Lima,4.9,4.3
79,Gabriel Oliveira,6.24,0.04
80,Fernanda Souza,3.08,6.32
81,Gabriel Pereira,0.54,4.97
82,Viviane Oliveira,8.76,9.13
83,Sara Nascimento,9.93,2.59
84,Fernanda Nascimento,6.39,4.26
85,Larissa Nascimento,9.11,5.01
86,Viviane Gomes,8.46,9.96
87,Marcos Souza,0.3,9.04
88,Daniela Silva,6.03,2.16
89,Juliana Oliveira,8.48,8.56
90,Tiago Silva,4.36,1.28
91,Fernanda Gomes,5.45,5.09
92,Ana Souza,3.5,7.86
93,Bruno Rodrigues,9.02,8.13
94,Ana Oliveira,7.84,4.17
95,Igor Almeida,1.3,5.19
96,Paula Pereira,0.89,3.63
97,Eduardo Gomes,3.98,6.91
98,Ana Souza,9.05,3.79
99,Bruno Souza,6.57,5.94
100,Carlos Pereira,4.8,0.84
101,Larissa Oliveira,9.95,0.61
102,Otávio Almeida,6.66,4.97
103,Sara Rodrigues,2.89,9.99
104,Sara Oliveira,3.02,3.52
105,Daniela Costa,3.98,4.37
106,Paula Oliveira,6.66,7.05
107,Daniela Rodrigues,0.72,9.3
108,Ana Souza,6.38,9.91
109,Tiago Souza,8.6,8.84
110,Otávio Rodrigues,3.05,7.89
111,Sara Silva,0.93,9.83
112,Carlos Souza,8.72,1.21
113,Carlos Rodrigues,5.61,7.48
114,Juliana Costa,4.26,0.24
115,Juliana Pereira,2.33,9.86
116,Larissa Silva,1.72,6.1
117,Viviane Almeida,6.06,5.74
118,Juliana Costa,5.37,1.34
119,Helena Pereira,3.52,6.23
120,Igor Rodrigues,4.61,6.69
121,Tiago Nascimento,1.99,0.22
122,Natália Nascimento,3.01,0.47
123,Marcos Rodrigues,5.71,5.75
124,Gabriel Rodrigues,5.32,4.19
125,Juliana Costa,0.84,8.69
126,Fernanda Silva,9.9,7.4
127,Igor Silva,2.93,0.6
128,Igor Costa,7.72,1.42
129,Natália Almeida,6.92,4.28
130,Ana Souza,1.43,4.44
131,Fernanda Costa,9.64,6.45
132,Otávio Oliveira,7.49,1.04
133,Viviane Oliveira,7.1,8.48
134,Viviane Almeida,6.31,5.25
135,Kaio Rodrigues,0.75,0.56
136,Paula Souza,1.2,0.7
137,Renato Souza,4.44,8.15
138,Tiago Lima,4.44,1.88
139,Helena Nascimento,7.82,8.84
140,Fernanda Gomes,5.56,6.2
141,Bruno Nascimento,7.97,3.05
142,Paula Nascimento,1.44,8.22
143,Larissa Lima,5.25,9.76
144,Otávio Lima,6.48,0.62
145,Bruno Pereira,1.55,1.02
146,Bruno Gomes,8.33,2.94
147,Otávio Oliveira,7.07,5.31
148,Helena Souza,4.21,3.66
149,Gabriel Costa,2.94,9.16
150,Larissa Souza,3.44,6.35
151,Helena Rodrigues,6.26,1.07
152,Gabriel Oliveira,7.09,9.84
153,Fernanda Rodrigues,8.53,9.22
154,Renato Rodrigues,1.52,2.14
155,Tiago Rodrigues,7.2,8.65
156,Kaio Pereira,1.11,2.48
157,Paula Oliveira,7.04,3.34
158,Tiago Oliveira,2.98,7.57
159,Larissa Oliveira,7.91,9.93
160,Kaio Silva,5.41,6.17
161,Carlos Souza,9.38,0.31
162,Otávio Nascimento,9.01,7.47
163,Fernanda Oliveira,8.77,6.83
164,Juliana Oliveira,0.02,1.61
165,Larissa Gomes,8.72,4.15
166,Natália Souza,6.01,8.16
167,Tiago Gomes,4.83,5.35
168,Gabriel Silva,6.11,0.7
169,Ana Rodrigues,9.67,8.61
170,Marcos Lima,2.59,8.82
171,Bruno Costa,7.12,6.13
172,Gabriel Lima,3.09,2.03
173,Larissa Rodrigues,6.99,5.82
174,Ana Almeida,9.06,4.3
175,Otávio Souza,9.33,6.38
176,Sara Oliveira,2.48,5.69
177,Renato Oliveira,8.21,4.23
178,Juliana Silva,8.25,3.42
179,Fernanda Pereira,4.92,8.97
180,Natália Costa,1.27,4.77
181,Viviane Almeida,0.64,3.16
182,Helena Lima,6.44,6.92
183,Fernanda Lima,3.1,2.51
184,Bruno Costa,6.73,3.04
185,Larissa Nascimento,9.48,9.43
186,Kaio Gomes,1.33,1.4
187,Kaio Costa,6.07,3.06
188,Paula Souza,8.15,6.75
189,Igor Almeida,6.19,3.82
190,Helena Gomes,3.23,0.51
191,Marcos Lima,5.94,1.68
192,Paula Almeida,0.35,0.98
193,Otávio Gomes,0.7,7.03
194,Ana Souza,7.03,6.59
195,Otávio Lima,5.84,7.92
196,Ana Souza,7.12,7.14
197,Eduardo Gomes,7.47,1.64
198,Sara Oliveira,6.41,3.15
199,Larissa Pereira,3.68,1.43
200,Kaio Gomes,3.06,4.09
201,Sara Oliveira,4.39,0.73
202,Carlos Costa,2.31,0.02
203,Daniela Lima,8.81,4.2
204,Gabriel Rodrigues,4.12,6.07
205,Gabriel Silva,2.32,9.07
206,Igor Gomes,8.58,6.9
207,Renato Souza,8.78,9.97
208,Igor Rodrigues,0.46,1.16
209,Helena Lima,8.3,5.05
210,Eduardo Gomes,6.01,2.73
211,Eduardo Souza,0.28,4.34
212,Eduardo Gomes,1.2,9.98
213,Fernanda Almeida,3.91,5.92
214,Juliana Lima,7.48,6.62
215,Juliana Almeida,8.55,5.69
216,Larissa Souza,9.41,3.59
217,Otávio Souza,5.15,8.63
218,Eduardo Costa,1.59,8.59
219,Bruno Lima,8.37,0.19
220,Gabriel Gomes,4.65,5.32
221,Tiago Nascimento,8.86,5.79
222,Helena Almeida,0.4,0.52
223,Daniela Costa,5.61,0.62
224,Kaio Silva,4.65,9.98
225,Kaio Almeida,4.67,3.84
226,Viviane Oliveira,1.13,7.07
227,Ana Nascimento,3.69,5.15
228,Natália Lima,3.05,1.2
229,Carlos Oliveira,1.25,5.25
230,Carlos Costa,0.2,5.74
231,Sara Lima,5.79,8.84
232,Tiago Silva,7.53,4.48
233,Kaio Almeida,5.28,9.99
234,Carlos Nascimento,7.5,6.11
235,Gabriel Lima,4.37,2.2
236,Gabriel Silva,1.19,6.8
237,Sara Oliveira,3.43,7.49
238,Juliana Gomes,6.41,2.93
239,Helena Almeida,5.62,5.7
240,Otávio Pereira,8.57,4.23
241,Kaio Souza,5.66,6.74
242,Eduardo Rodrigues,0.51,5.18
243,Tiago Nascimento,7.78,4.1
244,Otávio Pereira,2.48,7.42
245,Igor Almeida,2.08,9.86
246,Natália Gomes,0.21,2.16
247,Ana Oliveira,5.0,1.7
248,Marcos Lima,6.41,4.84
249,Tiago Pereira,0.31,3.26
250,Renato Souza,7.82,7.55
251,Fernanda Pereira,1.03,3.92
252,Natália Souza,7.15,2.8
253,Juliana Lima,0.5,5.68
254,Sara Souza,8.2,0.3
255,Marcos Gomes,4.7,5.7
256,Viviane Rodrigues,3.71,0.16
257,Carlos Almeida,4.64,2.49
258,Sara Oliveira,9.21,8.88
259,Tiago Silva,7.47,2.49
260,Gabriel Nascimento,1.3,2.68
261,Paula Rodrigues,6.3,3.81
262,Helena Rodrigues,3.27,2.48
263,Paula Almeida,1.42,2.75
264,Bruno Gomes,3.82,9.78
265,Gabriel Pereira,0.14,6.63
266,Otávio Nascimento,1.96,1.92
267,Bruno Rodrigues,9.58,2.37
268,Marcos Rodrigues,1.03,2.81
269,Gabriel Gomes,4.6,8.59
270,Larissa Rodrigues,4.67,4.7
271,Juliana Silva,9.65,4.74
272,Fernanda Oliveira,4.33,5.69
273,Juliana Pereira,0.44,2.08
274,Carlos Oliveira,3.16,8.16
275,Fernanda Souza,4.84,4.18
276,Tiago Souza,7.41,4.59
277,Bruno Pereira,6.15,5.36
278,Eduardo Lima,2.36,4.99
279,Bruno Almeida,3.57,7.56
280,Otávio Oliveira,9.36,5.22
281,Daniela Nascimento,2.76,0.05
282,Paula Oliveira,5.38,8.86
283,Larissa Souza,9.74,6.48
284,Paula Souza,7.1,8.49
285,Juliana Souza,9.31,9.84
286,Carlos Costa,4.15,9.42
287,Daniela Nascimento,6.44,8.1
288,Sara Pereira,0.97,3.61
289,Bruno Costa,5.37,3.37
290,Natália Gomes,2.75,0.69
291,Tiago Nascimento,0.84,4.36
292,Igor Pereira,0.88,5.59
293,Natália Silva,9.59,2.37
294,Daniela Rodrigues,2.46,8.09
295,Renato Almeida,7.34,3.33
296,Fernanda Nascimento,1.85,9.53
297,Viviane Rodrigues,8.76,4.83
298,Igor Lima,7.24,9.36
299,Gabriel Nascimento,3.78,0.39
300,Carlos Lima,1.19,0.69
301,Igor Souza,6.78,6.85
302,Igor Oliveira,4.32,5.29
303,Renato Costa,8.67,1.7
304,Gabriel Souza,0.65,6.17
305,Bruno Rodrigues,9.86,0.49
306,Gabriel Lima,1.7,5.63
307,Helena Oliveira,5.82,8.55
308,Bruno Almeida,7.25,8.0
309,Renato Silva,4.2,2.1
310,Fernanda Almeida,0.66,8.91
311,Daniela Pereira,7.64,7.14
312,Larissa Pereira,3.64,1.72
313,Carlos Souza,9.37,3.55
314,Ana Gomes,1.49,9.37
315,Kaio Gomes,3.68,0.42
316,Eduardo Lima,2.74,3.64
317,Carlos Silva,7.53,0.75
318,Tiago Lima,3.23,4.27
319,Sara Rodrigues,8.0,9.59
320,Fernanda Gomes,8.58,7.41
321,Igor Silva,7.16,5.91
322,Igor Nascimento,7.92,6.54
323,Viviane Costa,1.47,1.18
324,Igor Gomes,6.47,3.15
325,Bruno Silva,2.37,2.46
326,Larissa Lima,5.43,7.0
327,Gabriel Lima,7.16,1.53
328,Juliana Souza,6.66,9.38
329,Gabriel Costa,7.93,1.61
330,Juliana Silva,7.51,6.36
331,Sara Costa,6.19,7.21
332,Daniela Souza,0.97,6.64
333,Paula Almeida,1.04,2.43
334,Otávio Oliveira,1.84,9.81
335,Paula Rodrigues,0.46,5.72
336,Igor Almeida,0.3,9.01
337,Juliana Souza,1.07,0.01
338,Sara Costa,9.93,2.53
339,Ana Pereira,2.41,7.52
340,Fernanda Costa,0.08,1.03
341,Kaio Souza,0.21,4.93
342,Paula Costa,1.97,9.99
343,Tiago Rodrigues,1.23,8.91
344,Igor Souza,5.4,2.27
345,Natália Lima,6.72,6.87
346,Paula Costa,2.59,5.46
347,Gabriel Souza,3.34,2.32
348,Gabriel Almeida,8.31,1.17
349,Otávio Souza,0.05,6.33
350,Carlos Nascimento,4.62,8.71
351,Larissa Pereira,9.44,7.99
352,Paula Souza,5.24,2.87
353,Kaio Almeida,9.91,0.2
354,Ana Gomes,5.85,9.3
355,Tiago Pereira,9.18,0.37
356,Bruno Pereira,0.62,5.91
357,Renato Costa,3.99,5.96
358,Bruno Rodrigues,5.5,8.46
359,Ana Silva,7.42,4.22
360,Natália Costa,5.45,2.15
361,Otávio Oliveira,5.08,6.37
362,Paula Gomes,4.17,9.23
363,Ana Rodrigues,1.51,2.71
364,Natália Oliveira,9.57,7.51
365,Larissa Nascimento,6.93,8.29
366,Natália Nascimento,5.67,0.93
367,Tiago Silva,1.7,7.82
368,Ana Almeida,0.14,5.37
369,Igor Lima,2.08,7.82
370,Carlos Rodrigues,7.85,9.2
371,Juliana Gomes,8.65,8.91
372,Marcos Almeida,3.52,7.46
373,Carlos Pereira,6.54,3.99
374,Marcos Rodrigues,2.09,8.81
375,Otávio Costa,5.26,6.84
376,Fernanda Rodrigues,3.42,4.31
377,Fernanda Souza,9.9,9.25
378,Bruno Souza,3.16,5.43
379,Fernanda Almeida,6.83,7.12
380,Ana Nascimento,9.25,7.44
381,Igor Nascimento,3.55,3.47
382,Daniela Almeida,7.34,1.01
383,Fernanda Costa,7.2,9.76
384,Carlos Silva,9.06,5.89
385,Tiago Rodrigues,5.75,1.07
386,Daniela Lima,7.17,5.59
387,Gabriel Souza,9.71,2.86
388,Eduardo Lima,3.69,7.64
389,Kaio Nascimento,2.71,0.82
390,Gabriel Costa,6.98,4.21
391,Eduardo Souza,0.9,9.07
392,Tiago Silva,7.21,0.49
393,Carlos Costa,4.37,7.14
394,Paula Gomes,8.9,4.59
395,Marcos Souza,0.52,4.47
396,Paula Almeida,9.67,7.09
397,Natália Nascimento,9.71,1.59
398,Kaio Rodrigues,6.63,4.45
399,Renato Lima,5.88,7.98
400,Carlos Souza,3.39,2.37
401,Eduardo Nascimento,0.96,7.79
402,Igor Lima,8.67,3.47
403,Eduardo Rodrigues,1.65,7.99
404,Helena Pereira,7.8,0.62
405,Gabriel Souza,6.7,5.78
406,Ana Almeida,7.1,5.0
407,Bruno Lima,0.42,6.65
408,Juliana Almeida,8.63,0.73
409,Tiago Souza,0.22,7.6
410,Kaio Costa,8.19,0.42
411,Eduardo Silva,0.47,3.89
412,Marcos Gomes,1.54,1.68
413,Marcos Souza,3.17,4.0
414,Larissa Rodrigues,6.04,6.75
415,Viviane Costa,3.15,6.45
416,Carlos Oliveira,5.17,1.82
417,Renato Almeida,0.11,0.57
418,Larissa Pereira,4.57,3.87
419,Natália Nascimento,8.37,4.82
420,Renato Lima,9.58,6.2
421,Eduardo Lima,6.19,5.09
422,Helena Silva,9.53,9.16
423,Fernanda Rodrigues,7.22,1.29
424,Fernanda Lima,5.2,7.25
425,Daniela Gomes,7.88,8.19
426,Viviane Gomes,3.42,9.34
427,Otávio Silva,9.78,6.19
428,Carlos Souza,8.04,4.53
429,Bruno Costa,2.34,1.11
430,Ana Gomes,7.59,7.47
431,Marcos Lima,3.39,5.44
432,Natália Costa,7.38,1.83
433,Larissa Almeida,4.1,1.15
434,Bruno Gomes,8.87,8.52
435,Gabriel Silva,5.83,8.72
436,Kaio Silva,0.45,7.71
437,Natália Lima,0.72,7.23
438,Sara Pereira,8.21,3.91
439,Igor Silva,1.53,0.33
440,Gabriel Silva,8.21,8.48
441,Ana Rodrigues,0.97,7.4
442,Otávio Pereira,0.31,5.75
443,Larissa Pereira,6.15,1.0
444,Tiago Costa,8.41,6.64
445,Carlos Souza,7.52,3.74
446,Carlos Silva,3.38,3.13
447,Ana Souza,7.75,1.33
448,Otávio Rodrigues,7.21,7.78
449,Natália Nascimento,8.63,5.74
450,Juliana Silva,5.74,2.73
451,Natália Almeida,0.06,2.53
452,Bruno Nascimento,0.87,6.91
453,Natália Rodrigues,7.99,1.81
454,Tiago Rodrigues,1.46,1.4
455,Daniela Souza,5.82,9.66
456,Marcos Lima,8.49,8.2
457,Larissa Pereira,4.27,0.15
458,Gabriel Nascimento,4.1,6.97
459,Fernanda Almeida,9.63,9.34
460,Marcos Silva,9.28,4.19
461,Paula Lima,3.23,7.48
462,Bruno Rodrigues,6.86,8.19
463,Otávio Nascimento,6.37,2.86
464,Viviane Lima,6.09,9.22
465,Fernanda Silva,5.64,2.37
466,Larissa Souza,8.94,3.44
467,Juliana Nascimento,4.81,6.78
468,Sara Souza,5.73,3.11
469,Daniela Costa,6.94,1.17
470,Otávio Lima,8.96,8.08
471,Eduardo Oliveira,9.14,0.29
472,Tiago Rodrigues,4.57,8.72
473,Ana Silva,7.2,8.67
474,Eduardo Gomes,1.3,2.11
475,Daniela Oliveira,2.16,0.08
476,Juliana Nascimento,2.02,1.93
477,Natália Nascimento,8.21,7.12
478,Renato Lima,9.62,2.33
479,Helena Costa,6.37,1.6
480,Eduardo Nascimento,6.76,5.4
481,Gabriel Souza,7.02,8.35
482,Otávio Lima,2.13,6.29
483,Helena Silva,8.84,4.3
484,Renato Nascimento,2.55,1.24
485,Gabriel Almeida,8.99,5.55
486,Marcos Almeida,6.29,0.52
487,Paula Oliveira,2.13,5.94
488,Natália Gomes,5.83,5.95
489,Helena Almeida,0.06,7.52
490,Eduardo Rodrigues,5.89,3.17
491,Renato Rodrigues,0.89,6.7
492,Sara Costa,2.0,4.6
493,Natália Souza,4.28,3.09
494,Sara Souza,8.07,9.79
495,Kaio Silva,3.14,6.25
496,Daniela Lima,2.25,4.26
497,Eduardo Costa,9.73,4.64
498,Fernanda Gomes,8.88,9.44
499,Marcos Silva,9.09,6.0
500,Larissa Souza,8.82,9.65
501,Renato Nascimento,2.01,5.36
502,Igor Lima,1.9,3.8
503,Renato Pereira,6.29,5.44
504,Marcos Silva,3.71,5.54
505,Eduardo Silva,3.85,9.68
506,Larissa Almeida,1.98,6.64
507,Eduardo Almeida,8.58,3.78
508,Natália Pereira,4.17,7.62
509,Gabriel Lima,3.0,2.48
510,Kaio Almeida,2.51,2.53
511,Sara Gomes,1.9,6.91
512,Larissa Silva,8.21,5.81
513,Daniela Silva,9.09,7.37
514,Juliana Gomes,1.0,7.15
515,Carlos Lima,3.43,0.36
516,Marcos Souza,5.49,4.85
517,Otávio Silva,3.42,4.99
518,Bruno Rodrigues,5.93,1.02
519,Kaio Gomes,6.4,0.29
520,Bruno Gomes,8.2,6.23
521,Juliana Costa,7.29,8.64
522,Larissa Lima,9.25,3.92
523,Renato Gomes,9.16,4.87
524,Tiago Gomes,8.77,2.62
525,Ana Oliveira,2.13,8.65
526,Ana Lima,3.18,2.22
527,Renato Gomes,3.3,6.02
528,Eduardo Silva,7.24,5.39
529,Kaio Rodrigues,8.62,8.95
530,Otávio Costa,6.54,7.92
531,Kaio Costa,7.66,1.75
532,Fernanda Oliveira,4.16,5.0
533,Kaio Lima,3.61,7.5
534,Sara Rodrigues,6.69,3.91
535,Carlos Almeida,8.51,4.99
536,Kaio Oliveira,2.84,0.62
537,Renato Oliveira,5.04,5.29
538,Fernanda Lima,3.26,5.73
539,Marcos Rodrigues,8.2,1.98
540,Gabriel Costa,2.9,5.74
541,Fernanda Lima,9.75,4.93
542,Kaio Nascimento,8.67,6.04
543,Carlos Rodrigues,0.95,4.64
544,Gabriel Rodrigues,0.8,1.98
545,Renato Oliveira,3.89,6.63
546,Larissa Souza,7.98,1.96
547,Igor Costa,6.25,5.96
548,Fernanda Almeida,6.89,4.09
549,Marcos Pereira,7.52,9.37
550,Bruno Nascimento,1.91,5.36
551,Marcos Silva,5.97,8.26
552,Sara Souza,5.31,2.82
553,Fernanda Rodrigues,7.39,6.79
554,Natália Costa,2.17,6.49
555,Sara Pereira,2.58,3.13
556,Kaio Pereira,6.07,7.86
557,Daniela Costa,2.91,6.27
558,Helena Silva,9.39,3.46
559,Carlos Lima,7.23,5.51
560,Bruno Lima,1.38,2.14
561,Otávio Oliveira,2.23,5.4
562,Bruno Pereira,6.68,8.85
563,Igor Souza,8.19,7.89
564,Bruno Gomes,4.71,1.55
565,Juliana Oliveira,6.76,1.3
566,Eduardo Souza,3.38,9.91
567,Juliana Nascimento,4.06,4.34
568,Paula Nascimento,0.53,2.57
569,Tiago Lima,8.05,0.85
570,Helena Pereira,6.67,3.52
571,Bruno Nascimento,1.88,6.81
572,Gabriel Gomes,7.76,9.41
573,Daniela Souza,5.98,5.58
574,Carlos Nascimento,6.2,1.62
575,Otávio Silva,8.97,9.59
576,Viviane Almeida,0.97,7.61
577,Bruno Silva,0.35,0.29
578,Paula Silva,5.9,0.41
579,Fernanda Souza,8.11,1.99
580,Ana Pereira,1.77,1.96
581,Bruno Costa,6.97,4.21
582,Larissa Almeida,1.83,9.06
583,Marcos Rodrigues,7.14,2.5
584,Carlos Almeida,1.13,0.94
585,Paula Costa,7.07,2.52
586,Viviane Nascimento,6.85,0.16
587,Juliana Lima,1.14,4.09
588,Bruno Costa,1.87,8.94
589,Tiago Pereira,2.73,9.07
590,Otávio Nascimento,1.06,5.65
591,Sara Pereira,4.32,0.31
592,Paula Nascimento,2.18,7.81
593,Helena Nascimento,4.12,5.47
594,Marcos Costa,9.57,7.0
595,Eduardo Oliveira,2.98,9.73
596,Paula Gomes,1.82,6.46
597,Paula Gomes,5.97,1.48
598,Tiago Gomes,8.44,9.96
599,Larissa Souza,8.91,0.69
600,Carlos Oliveira,2.6,1.91
601,Natália Costa,4.28,0.86
602,Paula Oliveira,9.72,3.53
603,Renato Souza,5.4,2.24
604,Eduardo Pereira,2.14,9.49
605,Igor Souza,6.35,5.93
606,Natália Lima,2.72,1.21
607,Daniela Silva,1.02,5.89
608,Larissa Costa,0.17,4.22
609,Sara Souza,3.72,0.95
610,Gabriel Oliveira,7.71,2.25
611,Natália Oliveira,4.56,1.8
612,Igor Oliveira,8.57,8.93
613,Otávio Silva,8.58,8.01
614,Natália Oliveira,1.07,6.18
615,Paula Souza,8.21,3.27
616,Helena Rodrigues,6.3,3.11
617,Marcos Costa,2.66,2.15
618,Carlos Souza,2.68,7.56
619,Sara Silva,8.22,6.49
620,Renato Nascimento,0.79,3.96
621,Larissa Silva,6.63,7.4
622,Natália Gomes,3.65,1.0
623,Juliana Nascimento,8.96,8.25
624,Eduardo Pereira,2.62,5.9
625,Renato Oliveira,5.94,6.35
626,Ana Pereira,4.88,9.94
627,Gabriel Almeida,7.88,6.35
628,Eduardo Pereira,6.56,7.79
629,Viviane Souza,4.48,2.81
630,Igor Gomes,9.63,8.85
631,Bruno Silva,4.5,5.66
632,Carlos Nascimento,6.0,9.05
633,Juliana Almeida,6.83,3.06
634,Carlos Lima,2.57,6.25
635,Igor Almeida,2.29,6.35
636,Fernanda Lima,4.39,5.26
637,Ana Almeida,0.85,9.19
638,Larissa Nascimento,0.57,5.82
639,Ana Rodrigues,6.66,2.38
640,Paula Souza,8.95,4.49
641,Paula Nascimento,9.78,9.4
642,Bruno Oliveira,7.39,1.98
643,Otávio Pereira,4.16,2.32
644,Ana Costa,3.56,4.86
645,Fernanda Oliveira,8.33,3.4
646,Marcos Nascimento,9.8,9.78
647,Sara Silva,6.27,7.26
648,Daniela Souza,5.24,5.67
649,Sara Lima,6.32,4.41
650,Renato Almeida,3.16,9.03
651,Igor Almeida,7.4,7.36
652,Sara Pereira,0.22,5.62
653,Sara Rodrigues,7.32,6.72
654,Juliana Lima,9.54,6.53
655,Tiago Lima,8.92,9.98
656,Tiago Pereira,8.93,7.34
657,Tiago Nascimento,7.79,8.5
658,Ana Pereira,2.27,0.95
659,Sara Almeida,1.23,3.85
660,Igor Souza,1.14,3.85
661,Larissa Rodrigues,0.39,7.26
662,Igor Costa,0.07,3.76
663,Bruno Costa,7.68,9.06
664,Fernanda Gomes,7.65,4.07
665,Carlos Lima,3.3,0.95
666,Renato Nascimento,3.51,9.4
667,Natália Oliveira,1.64,0.48
668,Renato Souza,1.64,6.54
669,Carlos Pereira,2.24,2.47
670,Helena Souza,8.67,0.78
671,Paula Gomes,5.37,6.86
672,Carlos Oliveira,5.56,2.03
673,Kaio Nascimento,2.95,1.31
674,Fernanda Gomes,6.44,2.4
675,Larissa Lima,2.06,2.47
676,Daniela Souza,9.68,2.44
677,Kaio Lima,6.29,9.7
678,Renato Rodrigues,4.4,4.24
679,Fernanda Rodrigues,2.32,4.53
680,Kaio Costa,7.63,8.17
681,Gabriel Nascimento,0.07,6.65
682,Carlos Rodrigues,3.64,4.77
683,Igor Gomes,0.56,6.59
684,Juliana Lima,7.29,9.4
685,Juliana Almeida,5.04,0.92
686,Marcos Nascimento,7.75,2.95
687,Kaio Pereira,5.76,3.91
688,Natália Silva,2.08,5.75
689,Ana Pereira,7.27,5.04
690,Daniela Gomes,2.68,8.95
691,Eduardo Oliveira,5.0,5.06
692,Larissa Gomes,5.11,1.96
693,Carlos Gomes,0.19,9.59
694,Marcos Rodrigues,4.29,8.56
695,Renato Pereira,5.95,5.74
696,Gabriel Lima,3.83,3.17
697,Paula Gomes,6.16,5.83
698,Igor Costa,9.88,4.74
699,Ana Pereira,0.7,4.97
700,Fernanda Costa,2.59,4.88
701,Natália Souza,8.33,2.46
702,Eduardo Silva,1.57,5.19
703,Bruno Silva,1.47,3.26
704,Renato Silva,2.76,5.41
705,Larissa Rodrigues,2.53,4.52
706,Fernanda Almeida,3.68,0.35
707,Gabriel Oliveira,9.1,6.72
708,Kaio Pereira,4.33,1.7
709,Renato Rodrigues,0.13,8.14
710,Gabriel Gomes,3.56,0.32
711,Viviane Costa,2.82,8.49
712,Gabriel Costa,8.08,8.31
713,Kaio Souza,0.21,8.31
714,Juliana Gomes,8.61,2.42
715,Igor Almeida,4.69,8.6
716,Renato Silva,2.68,6.89
717,Natália Almeida,5.07,6.6
718,Renato Nascimento,4.95,2.89
719,Viviane Oliveira,4.04,5.47
720,Marcos Nascimento,5.74,2.34
721,Juliana Gomes,1.66,5.24
722,Juliana Souza,3.6,9.1
723,Viviane Souza,0.18,5.16
724,Daniela Nascimento,9.03,8.82
725,Paula Lima,5.62,7.01
726,Juliana Oliveira,2.85,6.64
727,Fernanda Oliveira,3.59,7.46
728,Larissa Costa,5.4,0.77
729,Sara Silva,8.4,7.47
730,Ana Almeida,8.54,2.84
731,Juliana Pereira,2.95,8.09
732,Kaio Lima,4.59,5.56
733,Natália Gomes,0.04,3.82
734,Helena Gomes,0.99,9.51
735,Kaio Pereira,4.63,4.64
736,Sara Oliveira,6.32,5.51
737,Paula Souza,9.98,7.48
738,Daniela Silva,5.68,4.91
739,Igor Silva,1.69,5.48
740,Bruno Pereira,7.67,0.9
741,Paula Souza,5.55,8.2
742,Larissa Oliveira,1.1,0.96
743,Eduardo Almeida,0.64,5.09
744,Paula Souza,8.65,2.53
745,Helena Almeida,4.58,0.69
746,Renato Silva,5.28,1.93
747,Marcos Silva,0.98,2.26
748,Helena Gomes,6.37,2.59
749,Juliana Oliveira,2.39,7.11
750,Sara Silva,3.42,2.68
751,Daniela Costa,7.23,1.7
752,Bruno Souza,5.68,4.22
753,Daniela Nascimento,3.34,5.85
754,Helena Gomes,0.95,6.08
755,Fernanda Gomes,3.22,2.17
756,Juliana Nascimento,5.22,8.26
757,Gabriel Silva,9.75,1.66
758,Igor Lima,8.22,9.42
759,Juliana Gomes,0.92,0.91
760,Eduardo Nascimento,9.59,5.02
761,Gabriel Pereira,9.11,9.47
762,Sara Nascimento,9.54,2.78
763,Marcos Souza,7.34,8.84
764,Daniela Gomes,2.9,9.31
765,Ana Pereira,5.14,7.42
766,Marcos Lima,3.66,6.97
767,Marcos Almeida,7.25,2.85
768,Marcos Nascimento,4.38,2.66
769,Daniela Costa,6.77,4.53
770,Fernanda Souza,5.28,10.0
771,Larissa Pereira,3.81,6.48
772,Renato Silva,8.99,8.29
773,Marcos Souza,8.04,7.94
774,Paula Almeida,3.78,7.1
775,Daniela Nascimento,5.38,5.74
776,Kaio Almeida,3.34,5.71
777,Daniela Gomes,8.44,9.95
778,Daniela Rodrigues,7.06,0.71
779,Bruno Almeida,6.86,8.29
780,Sara Costa,6.67,1.07
781,Fernanda Souza,0.89,0.95
782,Igor Nascimento,5.93,0.86
783,Paula Rodrigues,3.29,2.91
784,Fernanda Gomes,1.4,9.46
785,Daniela Nascimento,5.95,3.66
786,Renato Almeida,7.17,5.19
787,Carlos Oliveira,2.6,2.27
788,Fernanda Pereira,9.8,2.52
789,Daniela Nascimento,5.24,6.16
790,Otávio Gomes,2.39,4.73
791,Marcos Oliveira,4.29,8.54
792,Paula Almeida,3.97,4.3
793,Igor Costa,5.35,1.28
794,Viviane Nascimento,3.96,2.25
795,Otávio Lima,7.25,8.86
796,Kaio Almeida,5.33,1.47
797,Igor Souza,1.15,0.59
798,Daniela Silva,8.66,9.06
799,Juliana Pereira,7.33,9.41
800,Marcos Almeida,3.24,6.9
801,Viviane Souza,4.16,1.12
802,Igor Nascimento,5.25,1.47
803,Kaio Lima,4.82,0.6
804,Fernanda Gomes,9.46,8.68
805,Viviane Oliveira,8.35,9.79
806,Natália Almeida,7.3,1.01
807,Igor Costa,4.04,10.0
808,Kaio Lima,6.67,1.92
809,Gabriel Costa,1.82,4.32
810,Ana Silva,2.84,7.55
811,Ana Gomes,4.51,1.34
812,Fernanda Nascimento,1.72,9.84
813,Eduardo Lima,8.36,5.49
814,Sara Pereira,1.58,5.76
815,Natália Rodrigues,6.57,0.38
816,Paula Lima,7.3,8.54
817,Viviane Souza,3.46,6.95
818,Otávio Gomes,1.15,1.37
819,Viviane Oliveira,3.63,5.65
820,Helena Almeida,0.39,7.48
821,Renato Pereira,0.03,6.94
822,Ana Lima,8.34,5.87
823,Sara Gomes,7.22,9.76
824,Juliana Oliveira,2.49,1.69
825,Fernanda Silva,7.07,7.0
826,Eduardo Rodrigues,2.67,9.4
827,Renato Lima,9.24,3.86
828,Gabriel Gomes,0.84,3.43
829,Renato Rodrigues,2.68,7.45
830,Carlos Lima,7.16,2.81
831,Viviane Souza,7.04,6.34
832,Kaio Oliveira,1.73,2.53
833,Helena Lima,1.37,6.0
834,Viviane Rodrigues,9.64,4.41
835,Renato Gomes,9.37,7.93
836,Kaio Almeida,0.59,8.37
837,Daniela Costa,3.85,7.07
838,Gabriel Silva,2.43,5.35
839,Renato Oliveira,4.88,8.9
840,Otávio Oliveira,4.88,4.72
841,Gabriel Pereira,0.67,8.77
842,Daniela Costa,9.82,5.12
843,Paula Rodrigues,7.27,1.71
844,Renato Gomes,9.8,3.98
845,Daniela Costa,3.39,5.87
846,Renato Oliveira,2.19,3.78
847,Kaio Lima,8.65,7.79
848,Kaio Silva,7.39,0.38
849,Renato Almeida,6.52,0.43
850,Natália Nascimento,2.15,6.53
851,Gabriel Pereira,6.44,8.37
852,Larissa Almeida,0.32,3.05
853,Natália Lima,4.44,0.71
854,Igor Silva,6.88,0.72
855,Juliana Lima,5.48,1.14
856,Gabriel Pereira,6.44,8.45
857,Ana Pereira,5.22,7.96
858,Carlos Gomes,3.36,1.43
859,Marcos Nascimento,4.4,1.02
860,Tiago Pereira,4.13,5.47
861,Helena Almeida,9.57,3.08
862,Igor Lima,9.03,3.47
863,Paula Oliveira,2.29,3.05
864,Paula Almeida,2.74,8.98
865,Ana Pereira,7.67,4.31
866,Natália Silva,1.3,0.34
867,Paula Silva,1.3,3.59
868,Helena Nascimento,1.11,1.81
869,Gabriel Costa,8.3,9.36
870,Ana Oliveira,8.3,8.46
871,Daniela Almeida,1.97,7.0
872,Sara Lima,6.31,4.24
873,Ana Silva,0.62,0.45
874,Natália Pereira,4.67,4.03
875,Sara Pereira,3.1,4.62
876,Juliana Pereira,5.35,6.23
877,Helena Oliveira,2.26,1.28
878,Paula Almeida,6.07,8.61
879,Sara Pereira,8.57,3.12
880,Daniela Pereira,6.46,3.26
881,Juliana Nascimento,1.89,2.24
882,Renato Pereira,1.63,8.96
883,Igor Oliveira,8.68,3.81
884,Carlos Souza,1.78,2.64
885,Juliana Lima,2.32,5.66
886,Natália Silva,3.52,4.39
887,Paula Rodrigues,2.9,0.16
888,Bruno Oliveira,2.71,4.31
889,Marcos Costa,6.1,8.22
890,Otávio Oliveira,2.17,3.73
891,Marcos Nascimento,6.2,7.54
892,Daniela Silva,4.94,2.09
893,Gabriel Rodrigues,1.39,6.24
894,Helena Oliveira,4.63,3.92
895,Otávio Silva,9.72,9.55
896,Kaio Nascimento,3.03,4.13
897,Bruno Rodrigues,0.35,4.02
898,Eduardo Nascimento,8.66,8.84
899,Renato Lima,0.53,4.71
900,Fernanda Souza,2.97,6.48
901,Otávio Almeida,6.51,6.17
902,Larissa Costa,8.24,5.91
903,Ana Oliveira,4.42,9.02
904,Marcos Pereira,1.06,2.38
905,Ana Oliveira,6.29,4.78
906,Viviane Silva,1.5,3.06
907,Bruno Lima,5.65,7.13
908,Gabriel Almeida,7.68,9.43
909,Larissa Gomes,2.37,7.85
910,Paula Costa,9.55,5.89
911,Bruno Oliveira,0.32,6.53
912,Gabriel Lima,2.14,1.01
913,Bruno Costa,9.51,9.46
914,Paula Oliveira,1.65,7.83
915,Eduardo Oliveira,4.26,6.25
916,Juliana Pereira,2.34,2.05
917,Bruno Nascimento,9.17,0.43
918,Ana Rodrigues,1.22,9.96
919,Tiago Oliveira,9.01,9.84
920,Igor Souza,2.68,9.5
921,Tiago Silva,9.9,4.46
922,Ana Pereira,4.45,3.08
923,Tiago Pereira,1.64,7.49
924,Kaio Oliveira,2.83,7.85
925,Eduardo Lima,4.16,0.65
926,Eduardo Lima,7.73,2.24
927,Fernanda Souza,3.87,3.78
928,Ana Almeida,9.92,0.01
929,Larissa Silva,5.44,5.17
930,Larissa Pereira,5.97,4.75
931,Sara Lima,3.63,5.94
932,Carlos Gomes,0.84,1.81
933,Paula Rodrigues,0.56,4.61
934,Tiago Oliveira,5.15,9.67
935,Bruno Gomes,7.3,1.37
936,Eduardo Rodrigues,5.61,0.03
937,Bruno Costa,8.4,4.04
938,Eduardo Souza,2.2,7.28
939,Bruno Souza,3.9,7.85
940,Larissa Almeida,9.85,9.78
941,Juliana Souza,6.94,4.2
942,Bruno Costa,9.4,7.79
943,Igor Gomes,5.8,0.71
944,Larissa Lima,8.44,9.02
945,Viviane Oliveira,6.48,4.78
946,Sara Pereira,9.79,7.08
947,Eduardo Oliveira,0.53,2.84
948,Tiago Nascimento,2.21,8.09
949,Marcos Costa,0.64,3.28
950,Kaio Rodrigues,2.19,6.99
951,Sara Gomes,8.93,1.67
952,Renato Silva,4.46,3.81
953,Bruno Souza,9.88,3.16
954,Helena Almeida,4.49,6.65
955,Larissa Lima,5.31,1.69
956,Sara Souza,1.41,0.83
957,Daniela Souza,7.76,9.68
958,Paula Lima,1.06,7.96
959,Bruno Almeida,1.54,0.17
960,Marcos Lima,7.16,3.81
961,Helena Pereira,6.68,4.7
962,Kaio Nascimento,7.13,8.52
963,Ana Souza,5.38,3.61
964,Carlos Oliveira,4.65,2.83
965,Fernanda Pereira,9.95,0.43
966,Sara Almeida,1.17,6.23
967,Larissa Almeida,9.1,2.27
968,Otávio Souza,4.64,3.21
969,Gabriel Nascimento,7.12,3.4
970,Kaio Rodrigues,3.41,7.46
971,Sara Gomes,3.36,7.62
972,Ana Rodrigues,7.18,7.24
973,Gabriel Oliveira,3.24,1.66
974,Fernanda Almeida,7.0,0.65
975,Marcos Gomes,1.42,7.09
976,Otávio Lima,3.12,3.64
977,Carlos Nascimento,1.45,5.73
978,Daniela Lima,7.34,6.66
979,Marcos Rodrigues,8.9,6.35
980,Bruno Oliveira,5.46,6.16
981,Viviane Almeida,1.02,6.56
982,Eduardo Costa,6.21,3.12
983,Marcos Lima,8.3,9.71
984,Fernanda Costa,2.78,0.58
985,Paula Oliveira,2.19,2.52
986,Daniela Silva,8.02,8.91
987,Carlos Almeida,8.32,8.28
988,Sara Nascimento,9.74,8.06
989,Otávio Rodrigues,2.17,6.02
990,Gabriel Gomes,5.34,2.44
991,Natália Nascimento,7.5,0.77
992,Larissa Souza,7.32,1.59
993,Natália Rodrigues,9.88,1.68
994,Natália Costa,9.46,6.29
995,Fernanda Almeida,5.16,0.95
996,Bruno Gomes,7.16,6.01
997,Gabriel Costa,0.56,6.48
998,Bruno Oliveira,5.02,5.05
999,Gabriel Oliveira,2.57,1.03
